underdrain_col,u_mps,dp_pa,medium,mean_diameter_m,equiv_diameter_m,porosity,sphericity_recorded
Pumice stone 1,3.855e-06,0.0002216142585053572,Medium pumice stones,0.012549999999999999,0.008282999999999999,0.66,0.66
Pumice stone 2,3.855e-06,0.023706105419259712,Pea gravels,0.0056,0.003696,0.3620689655172414,0.66
Pumice stone 3,3.855e-06,0.0020452162841434235,Glass marbles,0.01574,0.0103884,0.39655172413793105,0.66
Small pumice stone ,3.855e-06,0.001806959631231807,Small pumice stones,0.006958333333333334,0.0045925,0.5689655172413793,0.66
Pumice stone 5,3.855e-06,0.004193634008193621,White pebbles,0.014716666666666668,0.009713000000000001,0.3448275862068966,0.66
Pumice stone 1,4e-06,0.00022996290778089264,Medium pumice stones,0.012549999999999999,0.008282999999999999,0.66,0.66
Pumice stone 2,4e-06,0.02459810492663829,Pea gravels,0.0056,0.003696,0.3620689655172414,0.66
Pumice stone 3,4e-06,0.0021222285837673616,Glass marbles,0.01574,0.0103884,0.39655172413793105,0.66
Small pumice stone ,4e-06,0.0018749719551202978,Small pumice stones,0.006958333333333334,0.0045925,0.5689655172413793,0.66
Pumice stone 5,4e-06,0.004351520586762499,White pebbles,0.014716666666666668,0.009713000000000001,0.3448275862068966,0.66
Pumice stone 1,5e-06,0.000287565391678378,Medium pumice stones,0.012549999999999999,0.008282999999999999,0.66,0.66
Pumice stone 2,5e-06,0.030750477473320353,Pea gravels,0.0056,0.003696,0.3620689655172414,0.66
Pumice stone 3,5e-06,0.0026535148630548087,Glass marbles,0.01574,0.0103884,0.39655172413793105,0.66
Small pumice stone ,5e-06,0.0023441138035576034,Small pumice stones,0.006958333333333334,0.0045925,0.5689655172413793,0.66
Pumice stone 5,5e-06,0.005440688423410075,White pebbles,0.014716666666666668,0.009713000000000001,0.3448275862068966,0.66
Pumice stone 1,6e-06,0.0003452125783567681,Medium pumice stones,0.012549999999999999,0.008282999999999999,0.66,0.66
Pumice stone 2,6e-06,0.03690398854601141,Pea gravels,0.0056,0.003696,0.3620689655172414,0.66
Pumice stone 3,6e-06,0.003185092795680498,Glass marbles,0.01574,0.0103884,0.39655172413793105,0.66
Small pumice stone ,6e-06,0.002813415195857801,Small pumice stones,0.006958333333333334,0.0045925,0.5689655172413793,0.66
Pumice stone 5,6e-06,0.0065303713360404326,White pebbles,0.014716666666666668,0.009713000000000001,0.3448275862068966,0.66
Pumice stone 1,7e-06,0.0004029044678160631,Medium pumice stones,0.012549999999999999,0.008282999999999999,0.66,0.66
Pumice stone 2,7e-06,0.04305863814471146,Pea gravels,0.0056,0.003696,0.3620689655172414,0.66
Pumice stone 3,7e-06,0.0037169623816444295,Glass marbles,0.01574,0.0103884,0.39655172413793105,0.66
Small pumice stone ,7e-06,0.0032828761320208904,Small pumice stones,0.006958333333333334,0.0045925,0.5689655172413793,0.66
Pumice stone 5,7e-06,0.007620569324653569,White pebbles,0.014716666666666668,0.009713000000000001,0.3448275862068966,0.66
Pumice stone 1,8e-06,0.000460641060056263,Medium pumice stones,0.012549999999999999,0.008282999999999999,0.66,0.66
Pumice stone 2,8e-06,0.049214426269420526,Pea gravels,0.0056,0.003696,0.3620689655172414,0.66
Pumice stone 3,8e-06,0.0042491236209466045,Glass marbles,0.01574,0.0103884,0.39655172413793105,0.66
Small pumice stone ,8e-06,0.003752496612046873,Small pumice stones,0.006958333333333334,0.0045925,0.5689655172413793,0.66
Pumice stone 5,8e-06,0.008711282389249491,White pebbles,0.014716666666666668,0.009713000000000001,0.3448275862068966,0.66
Pumice stone 1,9e-06,0.0005184223550773677,Medium pumice stones,0.012549999999999999,0.008282999999999999,0.66,0.66
Pumice stone 2,9e-06,0.055371352920138575,Pea gravels,0.0056,0.003696,0.3620689655172414,0.66
Pumice stone 3,9e-06,0.004781576513587023,Glass marbles,0.01574,0.0103884,0.39655172413793105,0.66
Small pumice stone ,9e-06,0.004222276635935747,Small pumice stones,0.006958333333333334,0.0045925,0.5689655172413793,0.66
Pumice stone 5,9e-06,0.00980251052982819,White pebbles,0.014716666666666668,0.009713000000000001,0.3448275862068966,0.66
Pumice stone 1,1e-05,0.0005762483528793773,Medium pumice stones,0.012549999999999999,0.008282999999999999,0.66,0.66
Pumice stone 2,1e-05,0.06152941809686562,Pea gravels,0.0056,0.003696,0.3620689655172414,0.66
Pumice stone 3,1e-05,0.005314321059565682,Glass marbles,0.01574,0.0103884,0.39655172413793105,0.66
Small pumice stone ,1e-05,0.004692216203687515,Small pumice stones,0.006958333333333334,0.0045925,0.5689655172413793,0.66
Pumice stone 5,1e-05,0.010894253746389672,White pebbles,0.014716666666666668,0.009713000000000001,0.3448275862068966,0.66
Pumice stone 1,1.1e-05,0.0006341190534622918,Medium pumice stones,0.012549999999999999,0.008282999999999999,0.66,0.66
Pumice stone 2,1.1e-05,0.06768862179960165,Pea gravels,0.0056,0.003696,0.3620689655172414,0.66
Pumice stone 3,1.1e-05,0.005847357258882584,Glass marbles,0.01574,0.0103884,0.39655172413793105,0.66
Small pumice stone ,1.1e-05,0.005162315315302174,Small pumice stones,0.006958333333333334,0.0045925,0.5689655172413793,0.66
Pumice stone 5,1.1e-05,0.011986512038933932,White pebbles,0.014716666666666668,0.009713000000000001,0.3448275862068966,0.66
Pumice stone 1,1.2e-05,0.000692034456826111,Medium pumice stones,0.012549999999999999,0.008282999999999999,0.66,0.66
Pumice stone 2,1.2e-05,0.07384896402834669,Pea gravels,0.0056,0.003696,0.3620689655172414,0.66
Pumice stone 3,1.2e-05,0.0063806851115377275,Glass marbles,0.01574,0.0103884,0.39655172413793105,0.66
Small pumice stone ,1.2e-05,0.005632573970779726,Small pumice stones,0.006958333333333334,0.0045925,0.5689655172413793,0.66
Pumice stone 5,1.2e-05,0.013079285407460974,White pebbles,0.014716666666666668,0.009713000000000001,0.3448275862068966,0.66
Pumice stone 1,1.3e-05,0.0007499945629708351,Medium pumice stones,0.012549999999999999,0.008282999999999999,0.66,0.66
Pumice stone 2,1.3e-05,0.08001044478310074,Pea gravels,0.0056,0.003696,0.3620689655172414,0.66
Pumice stone 3,1.3e-05,0.006914304617531115,Glass marbles,0.01574,0.0103884,0.39655172413793105,0.66
Small pumice stone ,1.3e-05,0.0061029921701201695,Small pumice stones,0.006958333333333334,0.0045925,0.5689655172413793,0.66
Pumice stone 5,1.3e-05,0.014172573851970797,White pebbles,0.014716666666666668,0.009713000000000001,0.3448275862068966,0.66
Pumice stone 1,1.4e-05,0.000807999371896464,Medium pumice stones,0.012549999999999999,0.008282999999999999,0.66,0.66
Pumice stone 2,1.4e-05,0.08617306406386377,Pea gravels,0.0056,0.003696,0.3620689655172414,0.66
Pumice stone 3,1.4e-05,0.0074482157768627445,Glass marbles,0.01574,0.0103884,0.39655172413793105,0.66
Small pumice stone ,1.4e-05,0.006573569913323506,Small pumice stones,0.006958333333333334,0.0045925,0.5689655172413793,0.66
Pumice stone 5,1.4e-05,0.0152663773724634,White pebbles,0.014716666666666668,0.009713000000000001,0.3448275862068966,0.66
Pumice stone 1,1.5e-05,0.0008660488836029982,Medium pumice stones,0.012549999999999999,0.008282999999999999,0.66,0.66
Pumice stone 2,1.5e-05,0.0923368218706358,Pea gravels,0.0056,0.003696,0.3620689655172414,0.66
Pumice stone 3,1.5e-05,0.007982418589532617,Glass marbles,0.01574,0.0103884,0.39655172413793105,0.66
Small pumice stone ,1.5e-05,0.007044307200389736,Small pumice stones,0.006958333333333334,0.0045925,0.5689655172413793,0.66
Pumice stone 5,1.5e-05,0.016360695968938785,White pebbles,0.014716666666666668,0.009713000000000001,0.3448275862068966,0.66
Pumice stone 1,1.6e-05,0.0009241430980904367,Medium pumice stones,0.012549999999999999,0.008282999999999999,0.66,0.66
Pumice stone 2,1.6e-05,0.09850171820341684,Pea gravels,0.0056,0.003696,0.3620689655172414,0.66
Pumice stone 3,1.6e-05,0.008516913055540733,Glass marbles,0.01574,0.0103884,0.39655172413793105,0.66
Small pumice stone ,1.6e-05,0.007515204031318856,Small pumice stones,0.006958333333333334,0.0045925,0.5689655172413793,0.66
Pumice stone 5,1.6e-05,0.017455529641396954,White pebbles,0.014716666666666668,0.009713000000000001,0.3448275862068966,0.66
Pumice stone 1,1.7e-05,0.0009822820153587803,Medium pumice stones,0.012549999999999999,0.008282999999999999,0.66,0.66
Pumice stone 2,1.7e-05,0.10466775306220685,Pea gravels,0.0056,0.003696,0.3620689655172414,0.66
Pumice stone 3,1.7e-05,0.009051699174887089,Glass marbles,0.01574,0.0103884,0.39655172413793105,0.66
Small pumice stone ,1.7e-05,0.007986260406110867,Small pumice stones,0.006958333333333334,0.0045925,0.5689655172413793,0.66
Pumice stone 5,1.7e-05,0.018550878389837898,White pebbles,0.014716666666666668,0.009713000000000001,0.3448275862068966,0.66
Pumice stone 1,1.8e-05,0.0010404656354080287,Medium pumice stones,0.012549999999999999,0.008282999999999999,0.66,0.66
Pumice stone 2,1.8e-05,0.11083492644700589,Pea gravels,0.0056,0.003696,0.3620689655172414,0.66
Pumice stone 3,1.8e-05,0.009586776947571691,Glass marbles,0.01574,0.0103884,0.39655172413793105,0.66
Small pumice stone ,1.8e-05,0.008457476324765775,Small pumice stones,0.006958333333333334,0.0045925,0.5689655172413793,0.66
Pumice stone 5,1.8e-05,0.019646742214261624,White pebbles,0.014716666666666668,0.009713000000000001,0.3448275862068966,0.66
Pumice stone 1,1.9e-05,0.001098693958238182,Medium pumice stones,0.012549999999999999,0.008282999999999999,0.66,0.66
Pumice stone 2,1.9e-05,0.11700323835781389,Pea gravels,0.0056,0.003696,0.3620689655172414,0.66
Pumice stone 3,1.9e-05,0.010122146373594534,Glass marbles,0.01574,0.0103884,0.39655172413793105,0.66
Small pumice stone ,1.9e-05,0.008928851787283573,Small pumice stones,0.006958333333333334,0.0045925,0.5689655172413793,0.66
Pumice stone 5,1.9e-05,0.020743121114668132,White pebbles,0.014716666666666668,0.009713000000000001,0.3448275862068966,0.66
Pumice stone 1,2e-05,0.00115696698384924,Medium pumice stones,0.012549999999999999,0.008282999999999999,0.66,0.66
Pumice stone 2,2e-05,0.12317268879463092,Pea gravels,0.0056,0.003696,0.3620689655172414,0.66
Pumice stone 3,2e-05,0.010657807452955618,Glass marbles,0.01574,0.0103884,0.39655172413793105,0.66
Small pumice stone ,2e-05,0.009400386793664265,Small pumice stones,0.006958333333333334,0.0045925,0.5689655172413793,0.66
Pumice stone 5,2e-05,0.021840015091057423,White pebbles,0.014716666666666668,0.009713000000000001,0.3448275862068966,0.66
Pumice stone 1,2.1e-05,0.0012152847122412032,Medium pumice stones,0.012549999999999999,0.008282999999999999,0.66,0.66
Pumice stone 2,2.1e-05,0.1293432777574569,Pea gravels,0.0056,0.003696,0.3620689655172414,0.66
Pumice stone 3,2.1e-05,0.011193760185654947,Glass marbles,0.01574,0.0103884,0.39655172413793105,0.66
Small pumice stone ,2.1e-05,0.009872081343907846,Small pumice stones,0.006958333333333334,0.0045925,0.5689655172413793,0.66
Pumice stone 5,2.1e-05,0.022937424143429492,White pebbles,0.014716666666666668,0.009713000000000001,0.3448275862068966,0.66
Pumice stone 1,2.2e-05,0.001273647143414071,Medium pumice stones,0.012549999999999999,0.008282999999999999,0.66,0.66
Pumice stone 2,2.2e-05,0.1355150052462919,Pea gravels,0.0056,0.003696,0.3620689655172414,0.66
Pumice stone 3,2.2e-05,0.011730004571692517,Glass marbles,0.01574,0.0103884,0.39655172413793105,0.66
Small pumice stone ,2.2e-05,0.010343935438014321,Small pumice stones,0.006958333333333334,0.0045925,0.5689655172413793,0.66
Pumice stone 5,2.2e-05,0.02403534827178434,White pebbles,0.014716666666666668,0.009713000000000001,0.3448275862068966,0.66
Pumice stone 1,2.3e-05,0.0013320542773678436,Medium pumice stones,0.012549999999999999,0.008282999999999999,0.66,0.66
Pumice stone 2,2.3e-05,0.14168787126113594,Pea gravels,0.0056,0.003696,0.3620689655172414,0.66
Pumice stone 3,2.3e-05,0.012266540611068329,Glass marbles,0.01574,0.0103884,0.39655172413793105,0.66
Small pumice stone ,2.3e-05,0.01081594907598369,Small pumice stones,0.006958333333333334,0.0045925,0.5689655172413793,0.66
Pumice stone 5,2.3e-05,0.02513378747612197,White pebbles,0.014716666666666668,0.009713000000000001,0.3448275862068966,0.66
Pumice stone 1,2.4e-05,0.001390506114102521,Medium pumice stones,0.012549999999999999,0.008282999999999999,0.66,0.66
Pumice stone 2,2.4e-05,0.1478618758019889,Pea gravels,0.0056,0.003696,0.3620689655172414,0.66
Pumice stone 3,2.4e-05,0.012803368303782384,Glass marbles,0.01574,0.0103884,0.39655172413793105,0.66
Small pumice stone ,2.4e-05,0.011288122257815949,Small pumice stones,0.006958333333333334,0.0045925,0.5689655172413793,0.66
Pumice stone 5,2.4e-05,0.026232741756442385,White pebbles,0.014716666666666668,0.009713000000000001,0.3448275862068966,0.66
Pumice stone 1,2.5e-05,0.0014490026536181037,Medium pumice stones,0.012549999999999999,0.008282999999999999,0.66,0.66
Pumice stone 2,2.5e-05,0.15403701886885096,Pea gravels,0.0056,0.003696,0.3620689655172414,0.66
Pumice stone 3,2.5e-05,0.013340487649834684,Glass marbles,0.01574,0.0103884,0.39655172413793105,0.66
Small pumice stone ,2.5e-05,0.011760454983511104,Small pumice stones,0.006958333333333334,0.0045925,0.5689655172413793,0.66
Pumice stone 5,2.5e-05,0.027332211112745582,White pebbles,0.014716666666666668,0.009713000000000001,0.3448275862068966,0.66
Pumice stone 1,2.6e-05,0.0015075438959145906,Medium pumice stones,0.012549999999999999,0.008282999999999999,0.66,0.66
Pumice stone 2,2.6e-05,0.1602133004617219,Pea gravels,0.0056,0.003696,0.3620689655172414,0.66
Pumice stone 3,2.6e-05,0.013877898649225222,Glass marbles,0.01574,0.0103884,0.39655172413793105,0.66
Small pumice stone ,2.6e-05,0.012232947253069145,Small pumice stones,0.006958333333333334,0.0045925,0.5689655172413793,0.66
Pumice stone 5,2.6e-05,0.028432195545031548,White pebbles,0.014716666666666668,0.009713000000000001,0.3448275862068966,0.66
Pumice stone 1,2.7e-05,0.001566129840991983,Medium pumice stones,0.012549999999999999,0.008282999999999999,0.66,0.66
Pumice stone 2,2.7e-05,0.1663907205806019,Pea gravels,0.0056,0.003696,0.3620689655172414,0.66
Pumice stone 3,2.7e-05,0.014415601301954004,Glass marbles,0.01574,0.0103884,0.39655172413793105,0.66
Small pumice stone ,2.7e-05,0.012705599066490082,Small pumice stones,0.006958333333333334,0.0045925,0.5689655172413793,0.66
Pumice stone 5,2.7e-05,0.0295326950533003,White pebbles,0.014716666666666668,0.009713000000000001,0.3448275862068966,0.66
Pumice stone 1,2.8e-05,0.0016247604888502795,Medium pumice stones,0.012549999999999999,0.008282999999999999,0.66,0.66
Pumice stone 2,2.8e-05,0.17256927922549087,Pea gravels,0.0056,0.003696,0.3620689655172414,0.66
Pumice stone 3,2.8e-05,0.01495359560802103,Glass marbles,0.01574,0.0103884,0.39655172413793105,0.66
Small pumice stone ,2.8e-05,0.01317841042377391,Small pumice stones,0.006958333333333334,0.0045925,0.5689655172413793,0.66
Pumice stone 5,2.8e-05,0.030633709637551836,White pebbles,0.014716666666666668,0.009713000000000001,0.3448275862068966,0.66
Pumice stone 1,2.9e-05,0.0016834358394894817,Medium pumice stones,0.012549999999999999,0.008282999999999999,0.66,0.66
Pumice stone 2,2.9e-05,0.17874897639638887,Pea gravels,0.0056,0.003696,0.3620689655172414,0.66
Pumice stone 3,2.9e-05,0.0154918815674263,Glass marbles,0.01574,0.0103884,0.39655172413793105,0.66
Small pumice stone ,2.9e-05,0.013651381324920634,Small pumice stones,0.006958333333333334,0.0045925,0.5689655172413793,0.66
Pumice stone 5,2.9e-05,0.031735239297786155,White pebbles,0.014716666666666668,0.009713000000000001,0.3448275862068966,0.66
Pumice stone 1,3e-05,0.0017421558929095885,Medium pumice stones,0.012549999999999999,0.008282999999999999,0.66,0.66
Pumice stone 2,3e-05,0.18492981209329587,Pea gravels,0.0056,0.003696,0.3620689655172414,0.66
Pumice stone 3,3e-05,0.01603045918016981,Glass marbles,0.01574,0.0103884,0.39655172413793105,0.66
Small pumice stone ,3e-05,0.014124511769930247,Small pumice stones,0.006958333333333334,0.0045925,0.5689655172413793,0.66
Pumice stone 5,3e-05,0.03283728403400325,White pebbles,0.014716666666666668,0.009713000000000001,0.3448275862068966,0.66
Pumice stone 1,3.1e-05,0.0018009206491106,Medium pumice stones,0.012549999999999999,0.008282999999999999,0.66,0.66
Pumice stone 2,3.1e-05,0.19111178631621187,Pea gravels,0.0056,0.003696,0.3620689655172414,0.66
Pumice stone 3,3.1e-05,0.016569328446251565,Glass marbles,0.01574,0.0103884,0.39655172413793105,0.66
Small pumice stone ,3.1e-05,0.014597801758802754,Small pumice stones,0.006958333333333334,0.0045925,0.5689655172413793,0.66
Pumice stone 5,3.1e-05,0.03393984384620313,White pebbles,0.014716666666666668,0.009713000000000001,0.3448275862068966,0.66
Pumice stone 1,3.2e-05,0.001859730108092516,Medium pumice stones,0.012549999999999999,0.008282999999999999,0.66,0.66
Pumice stone 2,3.2e-05,0.19729489906513684,Pea gravels,0.0056,0.003696,0.3620689655172414,0.66
Pumice stone 3,3.2e-05,0.017108489365671557,Glass marbles,0.01574,0.0103884,0.39655172413793105,0.66
Small pumice stone ,3.2e-05,0.015071251291538152,Small pumice stones,0.006958333333333334,0.0045925,0.5689655172413793,0.66
Pumice stone 5,3.2e-05,0.035042918734385795,White pebbles,0.014716666666666668,0.009713000000000001,0.3448275862068966,0.66
Pumice stone 1,3.3e-05,0.0019185842698553376,Medium pumice stones,0.012549999999999999,0.008282999999999999,0.66,0.66
Pumice stone 2,3.3e-05,0.2034791503400708,Pea gravels,0.0056,0.003696,0.3620689655172414,0.66
Pumice stone 3,3.3e-05,0.0176479419384298,Glass marbles,0.01574,0.0103884,0.39655172413793105,0.66
Small pumice stone ,3.3e-05,0.015544860368136444,Small pumice stones,0.006958333333333334,0.0045925,0.5689655172413793,0.66
Pumice stone 5,3.3e-05,0.03614650869855123,White pebbles,0.014716666666666668,0.009713000000000001,0.3448275862068966,0.66
Pumice stone 1,3.4e-05,0.001977483134399064,Medium pumice stones,0.012549999999999999,0.008282999999999999,0.66,0.66
Pumice stone 2,3.4e-05,0.20966454014101374,Pea gravels,0.0056,0.003696,0.3620689655172414,0.66
Pumice stone 3,3.4e-05,0.018187686164526276,Glass marbles,0.01574,0.0103884,0.39655172413793105,0.66
Small pumice stone ,3.4e-05,0.016018628988597624,Small pumice stones,0.006958333333333334,0.0045925,0.5689655172413793,0.66
Pumice stone 5,3.4e-05,0.03725061373869945,White pebbles,0.014716666666666668,0.009713000000000001,0.3448275862068966,0.66
Pumice stone 1,3.5e-05,0.0020364267017236944,Medium pumice stones,0.012549999999999999,0.008282999999999999,0.66,0.66
Pumice stone 2,3.5e-05,0.2158510684679657,Pea gravels,0.0056,0.003696,0.3620689655172414,0.66
Pumice stone 3,3.5e-05,0.018727722043961,Glass marbles,0.01574,0.0103884,0.39655172413793105,0.66
Small pumice stone ,3.5e-05,0.0164925571529217,Small pumice stones,0.006958333333333334,0.0045925,0.5689655172413793,0.66
Pumice stone 5,3.5e-05,0.03835523385483045,White pebbles,0.014716666666666668,0.009713000000000001,0.3448275862068966,0.66
Pumice stone 1,3.6e-05,0.0020954149718292302,Medium pumice stones,0.012549999999999999,0.008282999999999999,0.66,0.66
Pumice stone 2,3.6e-05,0.2220387353209267,Pea gravels,0.0056,0.003696,0.3620689655172414,0.66
Pumice stone 3,3.6e-05,0.019268049576733972,Glass marbles,0.01574,0.0103884,0.39655172413793105,0.66
Small pumice stone ,3.6e-05,0.01696664486110867,Small pumice stones,0.006958333333333334,0.0045925,0.5689655172413793,0.66
Pumice stone 5,3.6e-05,0.039460369046944235,White pebbles,0.014716666666666668,0.009713000000000001,0.3448275862068966,0.66
Pumice stone 1,3.7e-05,0.002154447944715671,Medium pumice stones,0.012549999999999999,0.008282999999999999,0.66,0.66
Pumice stone 2,3.7e-05,0.22822754069989667,Pea gravels,0.0056,0.003696,0.3620689655172414,0.66
Pumice stone 3,3.7e-05,0.019808668762845177,Glass marbles,0.01574,0.0103884,0.39655172413793105,0.66
Small pumice stone ,3.7e-05,0.01744089211315853,Small pumice stones,0.006958333333333334,0.0045925,0.5689655172413793,0.66
Pumice stone 5,3.7e-05,0.0405660193150408,White pebbles,0.014716666666666668,0.009713000000000001,0.3448275862068966,0.66
Pumice stone 1,3.8e-05,0.0022135256203830167,Medium pumice stones,0.012549999999999999,0.008282999999999999,0.66,0.66
Pumice stone 2,3.8e-05,0.23441748460487558,Pea gravels,0.0056,0.003696,0.3620689655172414,0.66
Pumice stone 3,3.8e-05,0.020349579602294627,Glass marbles,0.01574,0.0103884,0.39655172413793105,0.66
Small pumice stone ,3.8e-05,0.01791529890907128,Small pumice stones,0.006958333333333334,0.0045925,0.5689655172413793,0.66
Pumice stone 5,3.8e-05,0.04167218465912014,White pebbles,0.014716666666666668,0.009713000000000001,0.3448275862068966,0.66
Pumice stone 1,3.9e-05,0.002272647998831267,Medium pumice stones,0.012549999999999999,0.008282999999999999,0.66,0.66
Pumice stone 2,3.9e-05,0.2406085670358635,Pea gravels,0.0056,0.003696,0.3620689655172414,0.66
Pumice stone 3,3.9e-05,0.02089078209508232,Glass marbles,0.01574,0.0103884,0.39655172413793105,0.66
Small pumice stone ,3.9e-05,0.018389865248846924,Small pumice stones,0.006958333333333334,0.0045925,0.5689655172413793,0.66
Pumice stone 5,3.9e-05,0.04277886507918225,White pebbles,0.014716666666666668,0.009713000000000001,0.3448275862068966,0.66
Pumice stone 1,4e-05,0.002331815080060422,Medium pumice stones,0.012549999999999999,0.008282999999999999,0.66,0.66
Pumice stone 2,4e-05,0.2468007879928605,Pea gravels,0.0056,0.003696,0.3620689655172414,0.66
Pumice stone 3,4e-05,0.02143227624120826,Glass marbles,0.01574,0.0103884,0.39655172413793105,0.66
Small pumice stone ,4e-05,0.018864591132485467,Small pumice stones,0.006958333333333334,0.0045925,0.5689655172413793,0.66
Pumice stone 5,4e-05,0.04388606057522717,White pebbles,0.014716666666666668,0.009713000000000001,0.3448275862068966,0.66
Pumice stone 1,4.1e-05,0.0023910268640704824,Medium pumice stones,0.012549999999999999,0.008282999999999999,0.66,0.66
Pumice stone 2,4.1e-05,0.25299414747586646,Pea gravels,0.0056,0.003696,0.3620689655172414,0.66
Pumice stone 3,4.1e-05,0.021974062040672437,Glass marbles,0.01574,0.0103884,0.39655172413793105,0.66
Small pumice stone ,4.1e-05,0.019339476559986895,Small pumice stones,0.006958333333333334,0.0045925,0.5689655172413793,0.66
Pumice stone 5,4.1e-05,0.04499377114725485,White pebbles,0.014716666666666668,0.009713000000000001,0.3448275862068966,0.66
Pumice stone 1,4.2e-05,0.0024502833508614472,Medium pumice stones,0.012549999999999999,0.008282999999999999,0.66,0.66
Pumice stone 2,4.2e-05,0.25918864548488135,Pea gravels,0.0056,0.003696,0.3620689655172414,0.66
Pumice stone 3,4.2e-05,0.02251613949347486,Glass marbles,0.01574,0.0103884,0.39655172413793105,0.66
Small pumice stone ,4.2e-05,0.019814521531351215,Small pumice stones,0.006958333333333334,0.0045925,0.5689655172413793,0.66
Pumice stone 5,4.2e-05,0.046101996795265325,White pebbles,0.014716666666666668,0.009713000000000001,0.3448275862068966,0.66
Pumice stone 1,4.3e-05,0.002509584540433317,Medium pumice stones,0.012549999999999999,0.008282999999999999,0.66,0.66
Pumice stone 2,4.3e-05,0.2653842820199053,Pea gravels,0.0056,0.003696,0.3620689655172414,0.66
Pumice stone 3,4.3e-05,0.023058508599615526,Glass marbles,0.01574,0.0103884,0.39655172413793105,0.66
Small pumice stone ,4.3e-05,0.020289726046578433,Small pumice stones,0.006958333333333334,0.0045925,0.5689655172413793,0.66
Pumice stone 5,4.3e-05,0.04721073751925857,White pebbles,0.014716666666666668,0.009713000000000001,0.3448275862068966,0.66
Pumice stone 1,4.4e-05,0.0025689304327860918,Medium pumice stones,0.012549999999999999,0.008282999999999999,0.66,0.66
Pumice stone 2,4.4e-05,0.2715810570809382,Pea gravels,0.0056,0.003696,0.3620689655172414,0.66
Pumice stone 3,4.4e-05,0.02360116935909443,Glass marbles,0.01574,0.0103884,0.39655172413793105,0.66
Small pumice stone ,4.4e-05,0.020765090105668536,Small pumice stones,0.006958333333333334,0.0045925,0.5689655172413793,0.66
Pumice stone 5,4.4e-05,0.048319993319234596,White pebbles,0.014716666666666668,0.009713000000000001,0.3448275862068966,0.66
Pumice stone 1,4.5e-05,0.002628321027919771,Medium pumice stones,0.012549999999999999,0.008282999999999999,0.66,0.66
Pumice stone 2,4.5e-05,0.2777789706679802,Pea gravels,0.0056,0.003696,0.3620689655172414,0.66
Pumice stone 3,4.5e-05,0.02414412177191158,Glass marbles,0.01574,0.0103884,0.39655172413793105,0.66
Small pumice stone ,4.5e-05,0.021240613708621535,Small pumice stones,0.006958333333333334,0.0045925,0.5689655172413793,0.66
Pumice stone 5,4.5e-05,0.049429764195193404,White pebbles,0.014716666666666668,0.009713000000000001,0.3448275862068966,0.66
Pumice stone 1,4.6e-05,0.002687756325834355,Medium pumice stones,0.012549999999999999,0.008282999999999999,0.66,0.66
Pumice stone 2,4.6e-05,0.2839780227810311,Pea gravels,0.0056,0.003696,0.3620689655172414,0.66
Pumice stone 3,4.6e-05,0.024687365838066966,Glass marbles,0.01574,0.0103884,0.39655172413793105,0.66
Small pumice stone ,4.6e-05,0.02171629685543743,Small pumice stones,0.006958333333333334,0.0045925,0.5689655172413793,0.66
Pumice stone 5,4.6e-05,0.05054005014713499,White pebbles,0.014716666666666668,0.009713000000000001,0.3448275862068966,0.66
Pumice stone 1,4.7e-05,0.002747236326529844,Medium pumice stones,0.012549999999999999,0.008282999999999999,0.66,0.66
Pumice stone 2,4.7e-05,0.2901782134200909,Pea gravels,0.0056,0.003696,0.3620689655172414,0.66
Pumice stone 3,4.7e-05,0.0252309015575606,Glass marbles,0.01574,0.0103884,0.39655172413793105,0.66
Small pumice stone ,4.7e-05,0.022192139546116204,Small pumice stones,0.006958333333333334,0.0045925,0.5689655172413793,0.66
Pumice stone 5,4.7e-05,0.051650851175059354,White pebbles,0.014716666666666668,0.009713000000000001,0.3448275862068966,0.66
Pumice stone 1,4.8e-05,0.0028067610300062384,Medium pumice stones,0.012549999999999999,0.008282999999999999,0.66,0.66
Pumice stone 2,4.8e-05,0.29637954258515986,Pea gravels,0.0056,0.003696,0.3620689655172414,0.66
Pumice stone 3,4.8e-05,0.025774728930392475,Glass marbles,0.01574,0.0103884,0.39655172413793105,0.66
Small pumice stone ,4.8e-05,0.02266814178065789,Small pumice stones,0.006958333333333334,0.0045925,0.5689655172413793,0.66
Pumice stone 5,4.8e-05,0.052762167278966515,White pebbles,0.014716666666666668,0.009713000000000001,0.3448275862068966,0.66
Pumice stone 1,4.9e-05,0.0028663304362635373,Medium pumice stones,0.012549999999999999,0.008282999999999999,0.66,0.66
Pumice stone 2,4.9e-05,0.3025820102762378,Pea gravels,0.0056,0.003696,0.3620689655172414,0.66
Pumice stone 3,4.9e-05,0.0263188479565626,Glass marbles,0.01574,0.0103884,0.39655172413793105,0.66
Small pumice stone ,4.9e-05,0.02314430355906245,Small pumice stones,0.006958333333333334,0.0045925,0.5689655172413793,0.66
Pumice stone 5,4.9e-05,0.053873998458856445,White pebbles,0.014716666666666668,0.009713000000000001,0.3448275862068966,0.66
Pumice stone 1,5e-05,0.0029259445453017415,Medium pumice stones,0.012549999999999999,0.008282999999999999,0.66,0.66
Pumice stone 2,5e-05,0.3087856164933248,Pea gravels,0.0056,0.003696,0.3620689655172414,0.66
Pumice stone 3,5e-05,0.026863258636070964,Glass marbles,0.01574,0.0103884,0.39655172413793105,0.66
Small pumice stone ,5e-05,0.023620624881329922,Small pumice stones,0.006958333333333334,0.0045925,0.5689655172413793,0.66
Pumice stone 5,5e-05,0.05498634471472917,White pebbles,0.014716666666666668,0.009713000000000001,0.3448275862068966,0.66
